Date,IDX,Market,Product,sr_cnt_pf,sr_bug_cnt,sr_hwr_cnt_pf,sr_init_sev_1_2_cnt_pf,sr_esc_cnt_pf
11/1/2016,1,Computing Systems,Mr_Clean,4816,501,1731,339,60
12/1/2016,2,Computing Systems,Mr_Clean,4524,482,1611,328,69
1/1/2017,3,Computing Systems,Mr_Clean,4763,494,1706,320,49
2/1/2017,4,Computing Systems,Mr_Clean,4693,507,1628,347,59
3/1/2017,5,Computing Systems,Mr_Clean,5383,560,1813,376,87
4/1/2017,6,Computing Systems,Mr_Clean,4536,482,1561,333,70
5/1/2017,7,Computing Systems,Mr_Clean,4859,474,1619,397,84
6/1/2017,8,Computing Systems,Mr_Clean,4816,463,1606,370,71
7/1/2017,9,Computing Systems,Mr_Clean,4558,446,1562,321,84
8/1/2017,10,Computing Systems,Mr_Clean,4861,404,1683,325,75
9/1/2017,11,Computing Systems,Mr_Clean,4319,371,1449,325,65
10/1/2017,12,Computing Systems,Mr_Clean,4741,404,1577,332,79
11/1/2017,13,Computing Systems,Mr_Clean,4674,417,1590,315,76
12/1/2017,14,Computing Systems,Mr_Clean,4173,398,1343,298,68
1/1/2018,15,Computing Systems,Mr_Clean,4711,482,1482,292,48
2/1/2018,16,Computing Systems,Mr_Clean,4308,391,1389,291,53
3/1/2018,17,Computing Systems,Mr_Clean,4689,367,1428,327,50
4/1/2018,18,Computing Systems,Mr_Clean,4592,390,1366,346,51
5/1/2018,19,Computing Systems,Mr_Clean,4618,415,1381,344,57
6/1/2018,20,Computing Systems,Mr_Clean,4859,415,1569,319,55
7/1/2018,21,Computing Systems,Mr_Clean,4885,373,1646,295,58
8/1/2018,22,Computing Systems,Mr_Clean,5026,374,1693,337,64
9/1/2018,23,Computing Systems,Mr_Clean,4402,316,1482,290,56
10/1/2018,24,Computing Systems,Mr_Clean,5225,367,1887,351,66
11/1/2018,25,Computing Systems,Mr_Clean,4552,291,1636,298,47
11/1/2016,1,Computing Systems,Windex,3701,315,1424,324,75
12/1/2016,2,Computing Systems,Windex,3439,236,1237,280,61
1/1/2017,3,Computing Systems,Windex,3378,252,1340,244,62
2/1/2017,4,Computing Systems,Windex,3538,299,1325,256,79
3/1/2017,5,Computing Systems,Windex,3994,296,1416,328,89
4/1/2017,6,Computing Systems,Windex,3518,283,1236,283,108
5/1/2017,7,Computing Systems,Windex,3959,265,1502,329,84
6/1/2017,8,Computing Systems,Windex,3851,296,1413,315,100
7/1/2017,9,Computing Systems,Windex,3803,286,1397,263,100
8/1/2017,10,Computing Systems,Windex,4563,285,1652,313,95
9/1/2017,11,Computing Systems,Windex,3820,298,1364,293,75
10/1/2017,12,Computing Systems,Windex,4214,282,1539,344,102
11/1/2017,13,Computing Systems,Windex,4247,305,1479,306,90
12/1/2017,14,Computing Systems,Windex,3642,280,1290,230,86
1/1/2018,15,Computing Systems,Windex,4055,333,1407,309,78
2/1/2018,16,Computing Systems,Windex,3808,361,1243,281,107
3/1/2018,17,Computing Systems,Windex,4314,378,1336,315,125
4/1/2018,18,Computing Systems,Windex,4157,325,1327,302,90
5/1/2018,19,Computing Systems,Windex,4295,352,1328,305,89
6/1/2018,20,Computing Systems,Windex,4168,394,1320,302,115
7/1/2018,21,Computing Systems,Windex,4276,347,1430,247,95
8/1/2018,22,Computing Systems,Windex,4505,335,1485,343,77
9/1/2018,23,Computing Systems,Windex,4015,289,1310,328,88
10/1/2018,24,Computing Systems,Windex,4584,312,1568,336,113
11/1/2018,25,Computing Systems,Windex,4056,318,1375,305,88
11/1/2016,1,Data Center Networking,Centauri,1244,178,148,158,3
12/1/2016,2,Data Center Networking,Centauri,1029,147,109,138,3
1/1/2017,3,Data Center Networking,Centauri,1150,154,137,118,5
2/1/2017,4,Data Center Networking,Centauri,1285,168,134,125,8
3/1/2017,5,Data Center Networking,Centauri,1473,187,159,181,4
4/1/2017,6,Data Center Networking,Centauri,1418,179,222,177,1
5/1/2017,7,Data Center Networking,Centauri,1597,216,223,203,3
6/1/2017,8,Data Center Networking,Centauri,1678,219,182,216,2
7/1/2017,9,Data Center Networking,Centauri,1555,175,180,166,11
8/1/2017,10,Data Center Networking,Centauri,1741,225,183,175,21
9/1/2017,11,Data Center Networking,Centauri,1656,178,169,201,21
10/1/2017,12,Data Center Networking,Centauri,1885,228,212,213,16
11/1/2017,13,Data Center Networking,Centauri,1846,239,212,194,19
12/1/2017,14,Data Center Networking,Centauri,1730,217,200,184,13
1/1/2018,15,Data Center Networking,Centauri,1931,226,262,217,12
2/1/2018,16,Data Center Networking,Centauri,1962,246,252,209,13
3/1/2018,17,Data Center Networking,Centauri,2215,290,227,240,29
4/1/2018,18,Data Center Networking,Centauri,2080,247,235,219,15
5/1/2018,19,Data Center Networking,Centauri,2310,279,266,239,19
6/1/2018,20,Data Center Networking,Centauri,2163,263,232,241,19
7/1/2018,21,Data Center Networking,Centauri,2381,302,270,223,26
8/1/2018,22,Data Center Networking,Centauri,2581,302,316,276,34
9/1/2018,23,Data Center Networking,Centauri,2373,245,308,260,21
10/1/2018,24,Data Center Networking,Centauri,2791,304,381,269,35
11/1/2018,25,Data Center Networking,Centauri,2639,319,353,293,35
11/1/2016,1,Data Center Networking,Orion,3558,541,688,390,21
12/1/2016,2,Data Center Networking,Orion,2918,430,592,315,16
1/1/2017,3,Data Center Networking,Orion,3174,514,697,349,15
2/1/2017,4,Data Center Networking,Orion,3218,436,665,331,18
3/1/2017,5,Data Center Networking,Orion,3713,493,691,444,27
4/1/2017,6,Data Center Networking,Orion,3129,397,580,359,21
5/1/2017,7,Data Center Networking,Orion,3365,435,653,387,25
6/1/2017,8,Data Center Networking,Orion,3296,375,664,346,15
7/1/2017,9,Data Center Networking,Orion,3034,346,591,319,28
8/1/2017,10,Data Center Networking,Orion,3279,340,636,373,23
9/1/2017,11,Data Center Networking,Orion,3273,319,668,341,19
10/1/2017,12,Data Center Networking,Orion,3157,322,557,336,22
11/1/2017,13,Data Center Networking,Orion,3269,325,612,323,30
12/1/2017,14,Data Center Networking,Orion,2751,269,529,329,34
1/1/2018,15,Data Center Networking,Orion,2982,303,553,298,21
2/1/2018,16,Data Center Networking,Orion,2881,286,524,285,19
3/1/2018,17,Data Center Networking,Orion,3481,339,574,349,30
4/1/2018,18,Data Center Networking,Orion,3122,338,509,361,33
5/1/2018,19,Data Center Networking,Orion,3091,346,511,320,29
6/1/2018,20,Data Center Networking,Orion,2834,313,468,312,25
7/1/2018,21,Data Center Networking,Orion,2986,279,479,267,28
8/1/2018,22,Data Center Networking,Orion,3250,340,571,340,24
9/1/2018,23,Data Center Networking,Orion,2964,272,479,290,16
10/1/2018,24,Data Center Networking,Orion,3187,328,529,347,20
11/1/2018,25,Data Center Networking,Orion,2812,252,510,322,19
11/1/2016,1,Data Center Networking,Rigel,2494,421,514,264,6
12/1/2016,2,Data Center Networking,Rigel,2191,326,477,208,9
1/1/2017,3,Data Center Networking,Rigel,2415,351,533,245,5
2/1/2017,4,Data Center Networking,Rigel,2370,355,478,253,6
3/1/2017,5,Data Center Networking,Rigel,2883,389,581,308,10
4/1/2017,6,Data Center Networking,Rigel,2416,323,526,281,8
5/1/2017,7,Data Center Networking,Rigel,2616,344,554,317,12
6/1/2017,8,Data Center Networking,Rigel,2551,365,519,277,10
7/1/2017,9,Data Center Networking,Rigel,2303,289,487,241,5
8/1/2017,10,Data Center Networking,Rigel,2540,338,521,244,9
9/1/2017,11,Data Center Networking,Rigel,2235,263,507,224,7
10/1/2017,12,Data Center Networking,Rigel,2319,282,486,263,8
11/1/2017,13,Data Center Networking,Rigel,2306,266,468,236,8
12/1/2017,14,Data Center Networking,Rigel,2003,250,415,218,13
1/1/2018,15,Data Center Networking,Rigel,2059,242,446,198,9
2/1/2018,16,Data Center Networking,Rigel,1971,234,374,192,14
3/1/2018,17,Data Center Networking,Rigel,2166,240,409,210,15
4/1/2018,18,Data Center Networking,Rigel,2121,240,384,226,13
5/1/2018,19,Data Center Networking,Rigel,2311,263,446,229,12
6/1/2018,20,Data Center Networking,Rigel,1999,235,404,200,10
7/1/2018,21,Data Center Networking,Rigel,2309,257,480,183,13
8/1/2018,22,Data Center Networking,Rigel,2258,222,458,197,8
9/1/2018,23,Data Center Networking,Rigel,2034,212,409,199,3
10/1/2018,24,Data Center Networking,Rigel,2109,234,440,229,5
11/1/2018,25,Data Center Networking,Rigel,1963,232,398,184,9
11/1/2016,1,Enterprise Routing,Anastasia,3289,185,535,428,19
12/1/2016,2,Enterprise Routing,Anastasia,3230,190,549,436,27
1/1/2017,3,Enterprise Routing,Anastasia,3125,178,521,409,27
2/1/2017,4,Enterprise Routing,Anastasia,3039,201,479,431,17
3/1/2017,5,Enterprise Routing,Anastasia,3618,230,578,530,18
4/1/2017,6,Enterprise Routing,Anastasia,3112,188,548,445,26
5/1/2017,7,Enterprise Routing,Anastasia,3247,179,607,485,25
6/1/2017,8,Enterprise Routing,Anastasia,3245,196,595,445,20
7/1/2017,9,Enterprise Routing,Anastasia,3206,197,621,410,18
8/1/2017,10,Enterprise Routing,Anastasia,3295,183,684,431,23
9/1/2017,11,Enterprise Routing,Anastasia,2918,176,570,382,31
10/1/2017,12,Enterprise Routing,Anastasia,3104,179,529,396,27
11/1/2017,13,Enterprise Routing,Anastasia,2797,173,471,356,32
12/1/2017,14,Enterprise Routing,Anastasia,2476,145,417,317,22
1/1/2018,15,Enterprise Routing,Anastasia,2525,146,426,291,23
2/1/2018,16,Enterprise Routing,Anastasia,2492,154,408,295,22
3/1/2018,17,Enterprise Routing,Anastasia,2731,169,425,327,21
4/1/2018,18,Enterprise Routing,Anastasia,2394,152,385,310,27
5/1/2018,19,Enterprise Routing,Anastasia,2476,146,403,302,26
6/1/2018,20,Enterprise Routing,Anastasia,2289,130,425,265,14
7/1/2018,21,Enterprise Routing,Anastasia,2314,115,484,208,25
8/1/2018,22,Enterprise Routing,Anastasia,2376,109,478,269,17
9/1/2018,23,Enterprise Routing,Anastasia,2052,101,422,248,17
10/1/2018,24,Enterprise Routing,Anastasia,2388,119,421,278,9
11/1/2018,25,Enterprise Routing,Anastasia,2040,119,323,218,16
12/1/2016,2,Enterprise Routing,Belle,900,43,411,106,5
1/1/2017,3,Enterprise Routing,Belle,892,41,373,91,3
2/1/2017,4,Enterprise Routing,Belle,799,37,305,88,1
3/1/2017,5,Enterprise Routing,Belle,1002,43,398,117,8
4/1/2017,6,Enterprise Routing,Belle,837,43,342,88,4
5/1/2017,7,Enterprise Routing,Belle,922,57,391,97,10
6/1/2017,8,Enterprise Routing,Belle,930,52,398,94,11
7/1/2017,9,Enterprise Routing,Belle,835,38,376,99,4
8/1/2017,10,Enterprise Routing,Belle,954,49,438,96,6
9/1/2017,11,Enterprise Routing,Belle,836,53,402,88,10
10/1/2017,12,Enterprise Routing,Belle,905,56,414,87,5
11/1/2017,13,Enterprise Routing,Belle,824,48,400,87,3
12/1/2017,14,Enterprise Routing,Belle,762,45,346,93,3
1/1/2018,15,Enterprise Routing,Belle,816,52,360,99,4
2/1/2018,16,Enterprise Routing,Belle,727,48,291,64,5
3/1/2018,17,Enterprise Routing,Belle,792,55,323,95,9
4/1/2018,18,Enterprise Routing,Belle,705,32,265,72,4
5/1/2018,19,Enterprise Routing,Belle,732,33,329,71,2
6/1/2018,20,Enterprise Routing,Belle,781,21,373,77,4
7/1/2018,21,Enterprise Routing,Belle,809,28,406,49,6
8/1/2018,22,Enterprise Routing,Belle,888,40,450,60,6
9/1/2018,23,Enterprise Routing,Belle,771,31,367,59,4
10/1/2018,24,Enterprise Routing,Belle,838,29,380,63,5
11/1/2018,25,Enterprise Routing,Belle,736,42,319,61,5
11/1/2016,1,Enterprise Routing,Diana,1567,176,278,251,19
12/1/2016,2,Enterprise Routing,Diana,1580,173,336,247,10
1/1/2017,3,Enterprise Routing,Diana,1680,191,405,268,9
2/1/2017,4,Enterprise Routing,Diana,2706,203,400,310,15
3/1/2017,5,Enterprise Routing,Diana,2410,218,534,371,19
4/1/2017,6,Enterprise Routing,Diana,2107,203,555,372,16
5/1/2017,7,Enterprise Routing,Diana,2443,222,667,423,22
6/1/2017,8,Enterprise Routing,Diana,2651,209,691,403,19
7/1/2017,9,Enterprise Routing,Diana,2630,220,705,401,27
8/1/2017,10,Enterprise Routing,Diana,3031,231,692,450,20
9/1/2017,11,Enterprise Routing,Diana,2670,182,618,390,35
10/1/2017,12,Enterprise Routing,Diana,3024,207,663,479,29
11/1/2017,13,Enterprise Routing,Diana,2787,209,530,408,27
12/1/2017,14,Enterprise Routing,Diana,2601,188,510,402,24
1/1/2018,15,Enterprise Routing,Diana,2794,215,560,420,25
2/1/2018,16,Enterprise Routing,Diana,2884,246,495,377,21
3/1/2018,17,Enterprise Routing,Diana,3285,288,516,438,32
4/1/2018,18,Enterprise Routing,Diana,3101,288,473,421,35
5/1/2018,19,Enterprise Routing,Diana,3195,255,533,404,45
6/1/2018,20,Enterprise Routing,Diana,2938,223,528,373,39
7/1/2018,21,Enterprise Routing,Diana,3227,251,577,326,48
8/1/2018,22,Enterprise Routing,Diana,3404,228,641,451,25
9/1/2018,23,Enterprise Routing,Diana,2847,206,496,335,26
10/1/2018,24,Enterprise Routing,Diana,3181,264,548,412,32
11/1/2018,25,Enterprise Routing,Diana,2846,245,491,368,34
11/1/2016,1,Enterprise Routing,Fiona,2506,344,297,237,19
12/1/2016,2,Enterprise Routing,Fiona,2360,279,332,275,34
1/1/2017,3,Enterprise Routing,Fiona,2358,368,333,257,25
2/1/2017,4,Enterprise Routing,Fiona,2349,345,298,265,25
3/1/2017,5,Enterprise Routing,Fiona,2775,350,360,284,36
4/1/2017,6,Enterprise Routing,Fiona,2313,265,276,243,28
5/1/2017,7,Enterprise Routing,Fiona,2857,349,344,341,39
6/1/2017,8,Enterprise Routing,Fiona,2664,309,365,294,31
7/1/2017,9,Enterprise Routing,Fiona,2418,280,338,264,23
8/1/2017,10,Enterprise Routing,Fiona,2908,383,348,320,42
9/1/2017,11,Enterprise Routing,Fiona,2477,268,334,256,41
10/1/2017,12,Enterprise Routing,Fiona,2528,334,329,343,42
11/1/2017,13,Enterprise Routing,Fiona,2505,278,337,280,38
12/1/2017,14,Enterprise Routing,Fiona,2184,269,309,241,36
1/1/2018,15,Enterprise Routing,Fiona,2195,289,293,244,47
2/1/2018,16,Enterprise Routing,Fiona,2339,259,278,250,38
3/1/2018,17,Enterprise Routing,Fiona,2618,345,313,280,44
4/1/2018,18,Enterprise Routing,Fiona,2606,281,329,317,49
5/1/2018,19,Enterprise Routing,Fiona,2811,321,306,319,45
6/1/2018,20,Enterprise Routing,Fiona,2441,301,279,277,50
7/1/2018,21,Enterprise Routing,Fiona,2657,298,348,247,50
8/1/2018,22,Enterprise Routing,Fiona,2677,297,315,285,50
9/1/2018,23,Enterprise Routing,Fiona,2253,261,325,269,29
10/1/2018,24,Enterprise Routing,Fiona,2793,330,362,332,47
11/1/2018,25,Enterprise Routing,Fiona,2392,257,328,282,42
11/1/2016,1,Enterprise Routing,Jasmine,843,146,86,106,4
11/1/2016,1,Enterprise Routing,Jasmine,922,33,367,91,3
12/1/2016,2,Enterprise Routing,Jasmine,898,133,118,137,12
1/1/2017,3,Enterprise Routing,Jasmine,914,133,84,123,14
2/1/2017,4,Enterprise Routing,Jasmine,1027,164,98,139,11
3/1/2017,5,Enterprise Routing,Jasmine,1264,205,109,182,12
4/1/2017,6,Enterprise Routing,Jasmine,1065,137,101,171,20
5/1/2017,7,Enterprise Routing,Jasmine,1109,144,112,186,11
6/1/2017,8,Enterprise Routing,Jasmine,1224,174,127,177,12
7/1/2017,9,Enterprise Routing,Jasmine,1063,157,114,134,12
8/1/2017,10,Enterprise Routing,Jasmine,1392,150,178,176,14
9/1/2017,11,Enterprise Routing,Jasmine,1251,160,138,151,23
10/1/2017,12,Enterprise Routing,Jasmine,1356,154,126,197,23
11/1/2017,13,Enterprise Routing,Jasmine,1294,161,121,198,25
12/1/2017,14,Enterprise Routing,Jasmine,1256,160,141,142,23
1/1/2018,15,Enterprise Routing,Jasmine,1243,163,132,150,21
2/1/2018,16,Enterprise Routing,Jasmine,1441,173,138,175,25
3/1/2018,17,Enterprise Routing,Jasmine,1538,193,137,202,28
4/1/2018,18,Enterprise Routing,Jasmine,1429,160,140,194,19
5/1/2018,19,Enterprise Routing,Jasmine,1534,173,156,203,30
6/1/2018,20,Enterprise Routing,Jasmine,1393,170,139,152,26
7/1/2018,21,Enterprise Routing,Jasmine,1565,182,192,154,24
8/1/2018,22,Enterprise Routing,Jasmine,1643,170,216,175,27
9/1/2018,23,Enterprise Routing,Jasmine,1442,135,205,195,19
10/1/2018,24,Enterprise Routing,Jasmine,1720,175,213,192,30
11/1/2018,25,Enterprise Routing,Jasmine,1525,164,162,196,21
11/1/2016,1,Enterprise Switching,Burrito,2057,296,586,252,10
12/1/2016,2,Enterprise Switching,Burrito,1926,270,522,224,7
1/1/2017,3,Enterprise Switching,Burrito,2048,331,583,278,3
2/1/2017,4,Enterprise Switching,Burrito,2168,348,581,269,6
3/1/2017,5,Enterprise Switching,Burrito,2533,371,704,373,10
4/1/2017,6,Enterprise Switching,Burrito,2414,393,669,330,10
5/1/2017,7,Enterprise Switching,Burrito,2535,434,712,340,10
6/1/2017,8,Enterprise Switching,Burrito,2452,362,655,305,8
7/1/2017,9,Enterprise Switching,Burrito,2516,377,769,332,11
8/1/2017,10,Enterprise Switching,Burrito,2701,381,795,351,10
9/1/2017,11,Enterprise Switching,Burrito,2376,358,663,285,12
10/1/2017,12,Enterprise Switching,Burrito,2720,404,750,306,9
11/1/2017,13,Enterprise Switching,Burrito,2660,428,687,348,14
12/1/2017,14,Enterprise Switching,Burrito,2338,368,631,290,7
1/1/2018,15,Enterprise Switching,Burrito,2507,383,630,288,6
2/1/2018,16,Enterprise Switching,Burrito,2589,411,608,318,4
3/1/2018,17,Enterprise Switching,Burrito,2771,433,620,315,7
4/1/2018,18,Enterprise Switching,Burrito,3057,440,635,282,9
5/1/2018,19,Enterprise Switching,Burrito,2935,457,630,337,12
6/1/2018,20,Enterprise Switching,Burrito,2717,356,663,317,9
7/1/2018,21,Enterprise Switching,Burrito,2797,371,722,253,5
8/1/2018,22,Enterprise Switching,Burrito,3043,395,812,335,10
9/1/2018,23,Enterprise Switching,Burrito,2587,380,711,306,9
10/1/2018,24,Enterprise Switching,Burrito,2923,422,749,342,14
11/1/2018,25,Enterprise Switching,Burrito,2542,346,616,244,7
11/1/2016,1,Enterprise Switching,Fajita,2457,197,875,206,4
12/1/2016,2,Enterprise Switching,Fajita,2389,192,870,243,13
1/1/2017,3,Enterprise Switching,Fajita,2464,229,937,239,10
2/1/2017,4,Enterprise Switching,Fajita,2384,200,882,248,10
3/1/2017,5,Enterprise Switching,Fajita,2751,255,964,338,12
4/1/2017,6,Enterprise Switching,Fajita,2429,223,876,273,11
5/1/2017,7,Enterprise Switching,Fajita,2659,206,975,287,9
6/1/2017,8,Enterprise Switching,Fajita,2702,239,983,304,13
7/1/2017,9,Enterprise Switching,Fajita,2426,205,963,261,7
8/1/2017,10,Enterprise Switching,Fajita,2814,236,1074,291,7
9/1/2017,11,Enterprise Switching,Fajita,2587,217,1015,271,12
10/1/2017,12,Enterprise Switching,Fajita,2632,247,951,268,9
11/1/2017,13,Enterprise Switching,Fajita,2509,197,913,251,10
12/1/2017,14,Enterprise Switching,Fajita,2261,183,803,243,8
1/1/2018,15,Enterprise Switching,Fajita,2447,242,906,219,7
2/1/2018,16,Enterprise Switching,Fajita,2262,208,803,205,9
3/1/2018,17,Enterprise Switching,Fajita,2493,238,791,254,12
4/1/2018,18,Enterprise Switching,Fajita,2416,226,768,261,10
5/1/2018,19,Enterprise Switching,Fajita,2530,198,860,246,6
6/1/2018,20,Enterprise Switching,Fajita,2248,168,808,215,8
7/1/2018,21,Enterprise Switching,Fajita,2384,208,863,199,12
8/1/2018,22,Enterprise Switching,Fajita,2594,183,983,268,14
9/1/2018,23,Enterprise Switching,Fajita,2201,167,809,207,8
10/1/2018,24,Enterprise Switching,Fajita,2369,206,831,198,8
11/1/2018,25,Enterprise Switching,Fajita,2125,206,737,182,8
11/1/2016,1,Enterprise Switching,Taco,3884,241,1445,411,14
12/1/2016,2,Enterprise Switching,Taco,3648,223,1376,367,6
1/1/2017,3,Enterprise Switching,Taco,3721,247,1364,377,5
2/1/2017,4,Enterprise Switching,Taco,3449,198,1277,366,7
3/1/2017,5,Enterprise Switching,Taco,3913,186,1437,463,10
4/1/2017,6,Enterprise Switching,Taco,3422,198,1217,410,8
5/1/2017,7,Enterprise Switching,Taco,3543,202,1316,420,9
6/1/2017,8,Enterprise Switching,Taco,3315,179,1220,364,9
7/1/2017,9,Enterprise Switching,Taco,3124,170,1155,344,8
8/1/2017,10,Enterprise Switching,Taco,3365,160,1177,404,8
9/1/2017,11,Enterprise Switching,Taco,3089,150,1044,349,11
10/1/2017,12,Enterprise Switching,Taco,3168,134,1084,332,6
11/1/2017,13,Enterprise Switching,Taco,2796,139,918,301,12
12/1/2017,14,Enterprise Switching,Taco,2733,113,846,281,7
1/1/2018,15,Enterprise Switching,Taco,2921,132,916,252,11
2/1/2018,16,Enterprise Switching,Taco,2647,123,789,267,9
3/1/2018,17,Enterprise Switching,Taco,2809,129,808,264,15
4/1/2018,18,Enterprise Switching,Taco,2729,115,745,279,4
5/1/2018,19,Enterprise Switching,Taco,2495,131,706,287,4
6/1/2018,20,Enterprise Switching,Taco,2264,99,647,229,7
7/1/2018,21,Enterprise Switching,Taco,3512,125,709,207,5
8/1/2018,22,Enterprise Switching,Taco,2512,117,700,262,9
9/1/2018,23,Enterprise Switching,Taco,2226,88,607,284,9
10/1/2018,24,Enterprise Switching,Taco,2476,106,676,245,11
11/1/2018,25,Enterprise Switching,Taco,1954,89,583,196,7
11/1/2016,1,Security,Brownbear,3546,381,174,189,61
12/1/2016,2,Security,Brownbear,3226,330,142,200,57
1/1/2017,3,Security,Brownbear,3302,364,150,214,35
2/1/2017,4,Security,Brownbear,3384,396,161,204,49
3/1/2017,5,Security,Brownbear,3792,438,164,210,41
4/1/2017,6,Security,Brownbear,3232,373,138,183,34
5/1/2017,7,Security,Brownbear,3891,401,162,284,43
6/1/2017,8,Security,Brownbear,3404,370,143,183,37
7/1/2017,9,Security,Brownbear,3298,304,138,207,39
8/1/2017,10,Security,Brownbear,3543,497,156,186,46
9/1/2017,11,Security,Brownbear,3336,444,108,174,38
10/1/2017,12,Security,Brownbear,3645,483,162,194,49
11/1/2017,13,Security,Brownbear,3543,548,122,182,41
12/1/2017,14,Security,Brownbear,2866,330,114,174,31
1/1/2018,15,Security,Brownbear,3159,286,120,156,43
2/1/2018,16,Security,Brownbear,2887,292,81,144,36
3/1/2018,17,Security,Brownbear,3262,315,104,155,43
4/1/2018,18,Security,Brownbear,3252,279,88,165,56
5/1/2018,19,Security,Brownbear,3189,283,89,138,48
6/1/2018,20,Security,Brownbear,2856,254,93,141,52
7/1/2018,21,Security,Brownbear,3040,263,76,111,43
8/1/2018,22,Security,Brownbear,2942,238,95,126,50
9/1/2018,23,Security,Brownbear,2624,207,77,124,28
10/1/2018,24,Security,Brownbear,3343,300,73,159,40
11/1/2018,25,Security,Brownbear,2745,242,63,127,33
11/1/2016,1,Security,Grizzlybear,2758,313,30,223,117
12/1/2016,2,Security,Grizzlybear,2656,327,33,227,110
1/1/2017,3,Security,Grizzlybear,2755,317,27,252,123
2/1/2017,4,Security,Grizzlybear,3047,422,26,258,136
3/1/2017,5,Security,Grizzlybear,3781,487,37,352,181
4/1/2017,6,Security,Grizzlybear,3485,564,27,317,159
5/1/2017,7,Security,Grizzlybear,3908,622,34,399,200
6/1/2017,8,Security,Grizzlybear,3649,585,31,345,179
7/1/2017,9,Security,Grizzlybear,3713,662,40,327,199
8/1/2017,10,Security,Grizzlybear,4240,697,45,355,207
9/1/2017,11,Security,Grizzlybear,4017,647,37,378,205
10/1/2017,12,Security,Grizzlybear,4262,739,49,409,199
11/1/2017,13,Security,Grizzlybear,4536,808,45,423,245
12/1/2017,14,Security,Grizzlybear,3745,674,31,325,183
1/1/2018,15,Security,Grizzlybear,4124,737,33,324,186
2/1/2018,16,Security,Grizzlybear,4325,751,54,399,232
3/1/2018,17,Security,Grizzlybear,4766,797,37,379,231
4/1/2018,18,Security,Grizzlybear,4376,699,36,372,220
5/1/2018,19,Security,Grizzlybear,4835,746,41,399,185
6/1/2018,20,Security,Grizzlybear,4488,618,39,399,188
7/1/2018,21,Security,Grizzlybear,4745,702,45,297,211
8/1/2018,22,Security,Grizzlybear,5061,749,43,399,202
9/1/2018,23,Security,Grizzlybear,4270,663,30,349,192
10/1/2018,24,Security,Grizzlybear,5025,880,41,436,191
11/1/2018,25,Security,Grizzlybear,4479,751,43,374,166
11/1/2016,1,Security,Littlebear,1986,106,234,369,17
12/1/2016,2,Security,Littlebear,1830,98,228,319,11
1/1/2017,3,Security,Littlebear,1960,93,225,343,17
2/1/2017,4,Security,Littlebear,2063,93,237,337,12
3/1/2017,5,Security,Littlebear,2290,112,277,439,15
4/1/2017,6,Security,Littlebear,2108,146,292,395,15
5/1/2017,7,Security,Littlebear,2171,127,286,398,24
6/1/2017,8,Security,Littlebear,2036,97,346,363,17
7/1/2017,9,Security,Littlebear,2047,111,388,352,15
8/1/2017,10,Security,Littlebear,2377,110,358,424,18
9/1/2017,11,Security,Littlebear,1964,107,300,362,22
10/1/2017,12,Security,Littlebear,2179,126,370,363,19
11/1/2017,13,Security,Littlebear,2090,97,334,339,12
12/1/2017,14,Security,Littlebear,1845,99,279,300,20
1/1/2018,15,Security,Littlebear,2114,125,355,321,27
2/1/2018,16,Security,Littlebear,2622,287,348,338,24
3/1/2018,17,Security,Littlebear,2392,152,341,354,27
4/1/2018,18,Security,Littlebear,2184,97,334,365,30
5/1/2018,19,Security,Littlebear,2279,92,380,361,25
6/1/2018,20,Security,Littlebear,2124,74,359,350,18
7/1/2018,21,Security,Littlebear,2036,119,342,207,9
8/1/2018,22,Security,Littlebear,2155,102,347,374,11
9/1/2018,23,Security,Littlebear,1923,84,316,299,19
10/1/2018,24,Security,Littlebear,2203,107,331,407,24
11/1/2018,25,Security,Littlebear,1810,100,300,299,21
11/1/2016,1,Security,Mamabear,11738,952,386,1565,193
12/1/2016,2,Security,Mamabear,11003,911,374,1595,181
1/1/2017,3,Security,Mamabear,11222,894,387,1591,169
2/1/2017,4,Security,Mamabear,11711,881,412,1649,199
3/1/2017,5,Security,Mamabear,13448,1039,471,2050,303
4/1/2017,6,Security,Mamabear,11768,1136,373,1841,244
5/1/2017,7,Security,Mamabear,13267,1103,461,2031,300
6/1/2017,8,Security,Mamabear,12523,955,457,1815,272
7/1/2017,9,Security,Mamabear,11193,856,442,1491,253
8/1/2017,10,Security,Mamabear,12399,863,455,1719,270
9/1/2017,11,Security,Mamabear,11155,839,424,1557,268
10/1/2017,12,Security,Mamabear,11925,975,451,1677,245
11/1/2017,13,Security,Mamabear,10871,840,474,1550,223
12/1/2017,14,Security,Mamabear,9463,686,380,1413,224
1/1/2018,15,Security,Mamabear,10381,881,395,1426,201
2/1/2018,16,Security,Mamabear,15201,2140,455,1805,209
3/1/2018,17,Security,Mamabear,12348,878,410,1592,280
4/1/2018,18,Security,Mamabear,10824,725,396,1436,246
5/1/2018,19,Security,Mamabear,11307,727,393,1525,220
6/1/2018,20,Security,Mamabear,10159,685,393,1287,198
7/1/2018,21,Security,Mamabear,10327,730,453,940,168
8/1/2018,22,Security,Mamabear,10158,676,425,1281,224
9/1/2018,23,Security,Mamabear,8170,529,357,1098,101
10/1/2018,24,Security,Mamabear,9235,655,406,1232,133
11/1/2018,25,Security,Mamabear,7969,583,351,1030,96
11/1/2016,1,Security,Papabear,1856,245,139,245,68
12/1/2016,2,Security,Papabear,1802,247,121,246,72
1/1/2017,3,Security,Papabear,1702,224,108,213,50
2/1/2017,4,Security,Papabear,1952,256,125,234,62
3/1/2017,5,Security,Papabear,2111,264,156,311,58
4/1/2017,6,Security,Papabear,1989,278,142,274,62
5/1/2017,7,Security,Papabear,2163,291,142,343,73
6/1/2017,8,Security,Papabear,2153,264,149,267,70
7/1/2017,9,Security,Papabear,1932,240,122,227,71
8/1/2017,10,Security,Papabear,2004,256,144,257,68
9/1/2017,11,Security,Papabear,1743,224,142,214,51
10/1/2017,12,Security,Papabear,1976,246,131,256,54
11/1/2017,13,Security,Papabear,1761,241,117,219,58
12/1/2017,14,Security,Papabear,1524,171,117,175,53
1/1/2018,15,Security,Papabear,1786,238,120,208,59
2/1/2018,16,Security,Papabear,2330,388,120,270,73
3/1/2018,17,Security,Papabear,1940,213,110,214,54
4/1/2018,18,Security,Papabear,1594,169,114,159,43
5/1/2018,19,Security,Papabear,1686,173,101,191,43
6/1/2018,20,Security,Papabear,1553,171,92,179,44
7/1/2018,21,Security,Papabear,1679,191,141,170,51
8/1/2018,22,Security,Papabear,1632,145,123,190,50
9/1/2018,23,Security,Papabear,1373,153,98,170,39
10/1/2018,24,Security,Papabear,1623,186,104,192,49
11/1/2018,25,Security,Papabear,1406,171,98,164,35
11/1/2016,1,Service Provider Routing,Jupiter,820,95,301,54,14
12/1/2016,2,Service Provider Routing,Jupiter,745,76,235,48,11
1/1/2017,3,Service Provider Routing,Jupiter,790,104,273,45,12
2/1/2017,4,Service Provider Routing,Jupiter,718,79,235,35,10
3/1/2017,5,Service Provider Routing,Jupiter,770,95,232,46,6
4/1/2017,6,Service Provider Routing,Jupiter,681,93,228,41,11
5/1/2017,7,Service Provider Routing,Jupiter,795,94,276,54,10
6/1/2017,8,Service Provider Routing,Jupiter,761,76,244,41,8
7/1/2017,9,Service Provider Routing,Jupiter,679,77,228,33,6
8/1/2017,10,Service Provider Routing,Jupiter,713,83,256,47,15
9/1/2017,11,Service Provider Routing,Jupiter,737,79,240,51,10
10/1/2017,12,Service Provider Routing,Jupiter,703,93,197,46,7
11/1/2017,13,Service Provider Routing,Jupiter,707,82,188,45,11
12/1/2017,14,Service Provider Routing,Jupiter,645,62,221,34,8
1/1/2018,15,Service Provider Routing,Jupiter,616,67,175,40,10
2/1/2018,16,Service Provider Routing,Jupiter,716,90,196,50,11
3/1/2018,17,Service Provider Routing,Jupiter,607,51,175,35,6
4/1/2018,18,Service Provider Routing,Jupiter,590,49,173,46,10
5/1/2018,19,Service Provider Routing,Jupiter,629,41,222,37,7
6/1/2018,20,Service Provider Routing,Jupiter,585,52,203,40,9
7/1/2018,21,Service Provider Routing,Jupiter,575,56,168,37,4
8/1/2018,22,Service Provider Routing,Jupiter,573,42,193,41,7
9/1/2018,23,Service Provider Routing,Jupiter,592,52,185,57,3
10/1/2018,24,Service Provider Routing,Jupiter,677,59,182,60,4
11/1/2018,25,Service Provider Routing,Jupiter,615,44,207,37,6
11/1/2016,1,Service Provider Routing,Mars,465,83,53,22,64
12/1/2016,2,Service Provider Routing,Mars,466,84,54,32,51
1/1/2017,3,Service Provider Routing,Mars,410,73,60,19,52
2/1/2017,4,Service Provider Routing,Mars,378,84,31,14,61
3/1/2017,5,Service Provider Routing,Mars,434,75,60,21,72
4/1/2017,6,Service Provider Routing,Mars,434,65,50,25,73
5/1/2017,7,Service Provider Routing,Mars,414,59,53,18,56
6/1/2017,8,Service Provider Routing,Mars,448,68,61,20,69
7/1/2017,9,Service Provider Routing,Mars,393,51,42,23,81
8/1/2017,10,Service Provider Routing,Mars,433,57,62,23,75
9/1/2017,11,Service Provider Routing,Mars,469,76,55,28,73
10/1/2017,12,Service Provider Routing,Mars,455,69,47,10,80
11/1/2017,13,Service Provider Routing,Mars,411,57,54,20,76
12/1/2017,14,Service Provider Routing,Mars,388,64,43,22,72
1/1/2018,15,Service Provider Routing,Mars,494,83,39,25,74
2/1/2018,16,Service Provider Routing,Mars,383,59,47,24,66
3/1/2018,17,Service Provider Routing,Mars,456,73,53,15,77
4/1/2018,18,Service Provider Routing,Mars,438,67,34,30,66
5/1/2018,19,Service Provider Routing,Mars,432,68,37,24,69
6/1/2018,20,Service Provider Routing,Mars,388,76,31,20,79
7/1/2018,21,Service Provider Routing,Mars,429,82,52,27,59
8/1/2018,22,Service Provider Routing,Mars,351,75,36,27,75
9/1/2018,23,Service Provider Routing,Mars,382,83,23,26,64
10/1/2018,24,Service Provider Routing,Mars,358,55,40,28,72
11/1/2018,25,Service Provider Routing,Mars,306,61,30,33,51
11/1/2016,1,Service Provider Routing,Neptune,344,82,31,11,33
12/1/2016,2,Service Provider Routing,Neptune,321,68,24,17,40
1/1/2017,3,Service Provider Routing,Neptune,351,91,29,15,34
2/1/2017,4,Service Provider Routing,Neptune,292,71,16,11,29
3/1/2017,5,Service Provider Routing,Neptune,349,79,31,12,52
4/1/2017,6,Service Provider Routing,Neptune,312,59,17,22,38
5/1/2017,7,Service Provider Routing,Neptune,272,56,27,19,33
6/1/2017,8,Service Provider Routing,Neptune,330,81,17,24,58
7/1/2017,9,Service Provider Routing,Neptune,287,65,18,17,37
8/1/2017,10,Service Provider Routing,Neptune,317,69,27,27,39
9/1/2017,11,Service Provider Routing,Neptune,295,74,18,12,37
10/1/2017,12,Service Provider Routing,Neptune,295,62,28,11,35
11/1/2017,13,Service Provider Routing,Neptune,245,47,19,12,29
12/1/2017,14,Service Provider Routing,Neptune,232,55,23,11,26
1/1/2018,15,Service Provider Routing,Neptune,224,54,22,18,34
2/1/2018,16,Service Provider Routing,Neptune,210,43,23,23,23
3/1/2018,17,Service Provider Routing,Neptune,245,53,18,14,32
4/1/2018,18,Service Provider Routing,Neptune,217,46,17,17,23
5/1/2018,19,Service Provider Routing,Neptune,194,36,21,17,32
6/1/2018,20,Service Provider Routing,Neptune,202,43,14,13,26
7/1/2018,21,Service Provider Routing,Neptune,177,27,12,12,22
8/1/2018,22,Service Provider Routing,Neptune,171,28,17,10,20
9/1/2018,23,Service Provider Routing,Neptune,138,31,5,13,28
10/1/2018,24,Service Provider Routing,Neptune,136,19,12,12,12
11/1/2018,25,Service Provider Routing,Neptune,138,24,12,9,16
11/1/2016,1,Service Provider Routing,Pluto,2825,466,514,213,45
12/1/2016,2,Service Provider Routing,Pluto,2374,369,456,177,48
1/1/2017,3,Service Provider Routing,Pluto,2427,412,461,207,49
2/1/2017,4,Service Provider Routing,Pluto,2525,369,434,192,57
3/1/2017,5,Service Provider Routing,Pluto,2917,422,558,212,70
4/1/2017,6,Service Provider Routing,Pluto,2463,369,482,183,56
5/1/2017,7,Service Provider Routing,Pluto,2874,402,538,212,48
6/1/2017,8,Service Provider Routing,Pluto,2848,374,537,202,76
7/1/2017,9,Service Provider Routing,Pluto,2925,389,513,223,66
8/1/2017,10,Service Provider Routing,Pluto,3056,403,558,229,77
9/1/2017,11,Service Provider Routing,Pluto,2760,386,536,239,73
10/1/2017,12,Service Provider Routing,Pluto,2970,386,531,214,72
11/1/2017,13,Service Provider Routing,Pluto,3025,374,496,239,75
12/1/2017,14,Service Provider Routing,Pluto,2861,302,481,206,49
1/1/2018,15,Service Provider Routing,Pluto,2696,381,445,213,60
2/1/2018,16,Service Provider Routing,Pluto,2866,288,503,222,56
3/1/2018,17,Service Provider Routing,Pluto,2967,351,496,199,41
4/1/2018,18,Service Provider Routing,Pluto,2888,324,471,222,49
5/1/2018,19,Service Provider Routing,Pluto,3131,330,510,250,56
6/1/2018,20,Service Provider Routing,Pluto,3125,389,498,237,66
7/1/2018,21,Service Provider Routing,Pluto,2705,326,495,250,54
8/1/2018,22,Service Provider Routing,Pluto,2658,307,521,216,54
9/1/2018,23,Service Provider Routing,Pluto,2552,268,469,227,45
10/1/2018,24,Service Provider Routing,Pluto,2938,343,544,268,33
11/1/2018,25,Service Provider Routing,Pluto,2720,300,496,216,35
11/1/2016,1,Service Provider Routing,Venus,82,2,27,9,0
12/1/2016,2,Service Provider Routing,Venus,53,8,12,6,0
1/1/2017,3,Service Provider Routing,Venus,58,5,16,5,0
2/1/2017,4,Service Provider Routing,Venus,58,4,12,5,1
3/1/2017,5,Service Provider Routing,Venus,79,3,16,8,3
4/1/2017,6,Service Provider Routing,Venus,85,1,24,8,2
5/1/2017,7,Service Provider Routing,Venus,50,0,24,5,0
6/1/2017,8,Service Provider Routing,Venus,21,2,7,1,0
7/1/2017,9,Service Provider Routing,Venus,31,1,15,1,0
8/1/2017,10,Service Provider Routing,Venus,29,0,10,2,0
9/1/2017,11,Service Provider Routing,Venus,18,1,3,3,1
10/1/2017,12,Service Provider Routing,Venus,108,2,4,5,5
11/1/2017,13,Service Provider Routing,Venus,10,1,2,1,0
12/1/2017,14,Service Provider Routing,Venus,11,1,2,2,0
1/1/2018,15,Service Provider Routing,Venus,18,0,4,1,0
2/1/2018,16,Service Provider Routing,Venus,18,3,5,5,0
3/1/2018,17,Service Provider Routing,Venus,11,1,1,4,0
5/1/2018,18,Service Provider Routing,Venus,9,2,3,1,1
6/1/2018,19,Service Provider Routing,Venus,9,0,2,0,0
7/1/2018,20,Service Provider Routing,Venus,21,1,10,3,0
8/1/2018,21,Service Provider Routing,Venus,20,0,6,1,0
9/1/2018,22,Service Provider Routing,Venus,27,2,9,2,1
10/1/2018,23,Service Provider Routing,Venus,31,2,8,1,1
11/1/2018,24,Service Provider Routing,Venus,35,0,8,2,0
